{"v":"5.6.9","fr":60,"ip":0,"op":300,"w":1200,"h":900,"nm":"animation google","ddd":0,"assets":[],"layers":[{"ddd":0,"ind":1,"ty":3,"nm":"Null 3","sr":1,"ks":{"o":{"a":0,"k":0,"ix":11},"r":{"a":0,"k":0,"ix":10},"p":{"a":0,"k":[913,601,0],"ix":2},"a":{"a":0,"k":[0,0,0],"ix":1},"s":{"a":1,"k":[{"i":{"x":[0.825,0.825,0.667],"y":[1,1,1]},"o":{"x":[1,1,0.333],"y":[0,0,0]},"t":185,"s":[19,19,100]},{"t":197,"s":[100,100,100]}],"ix":6}},"ao":0,"ip":-17,"op":283,"st":-17,"bm":0},{"ddd":0,"ind":3,"ty":4,"nm":"e tail 2","parent":1,"sr":1,"ks":{"o":{"a":0,"k":100,"ix":11},"r":{"a":0,"k":0,"ix":10},"p":{"a":0,"k":[-4.5,-130.5,0],"ix":2},"a":{"a":0,"k":[65.5,25.5,0],"ix":1},"s":{"a":0,"k":[100,100,100],"ix":6}},"ao":0,"shapes":[{"ty":"gr","it":[{"d":1,"ty":"el","s":{"a":0,"k":[261,261],"ix":2},"p":{"a":0,"k":[0,0],"ix":3},"nm":"Ellipse Path 1","mn":"ADBE Vector Shape - Ellipse","hd":false},{"ty":"tm","s":{"a":1,"k":[{"i":{"x":[0.868],"y":[0.956]},"o":{"x":[1],"y":[0]},"t":195,"s":[99]},{"t":231,"s":[28.3]}],"ix":1},"e":{"a":1,"k":[{"i":{"x":[0.6],"y":[0.994]},"o":{"x":[1],"y":[0]},"t":187,"s":[100]},{"t":223,"s":[27]}],"ix":2,"x":"var $bm_rt;\n$bm_rt = content('Ellipse 1').content('Trim Paths 1').end;"},"o":{"a":0,"k":181,"ix":3},"m":1,"ix":2,"nm":"Trim Paths 1","mn":"ADBE Vector Filter - Trim","hd":false},{"ty":"st","c":{"a":0,"k":[1,1,1,1],"ix":3},"o":{"a":0,"k":100,"ix":4},"w":{"a":0,"k":38,"ix":5},"lc":2,"lj":1,"ml":4,"bm":0,"nm":"Stroke 1","mn":"ADBE Vector Graphic - Stroke","hd":false},{"ty":"tr","p":{"a":0,"k":[65.5,25.5],"ix":2},"a":{"a":0,"k":[0,0],"ix":1},"s":{"a":0,"k":[100,100],"ix":3},"r":{"a":0,"k":0,"ix":6},"o":{"a":0,"k":100,"ix":7},"sk":{"a":0,"k":0,"ix":4},"sa":{"a":0,"k":0,"ix":5},"nm":"Transform"}],"nm":"Ellipse 1","np":4,"cix":2,"bm":0,"ix":1,"mn":"ADBE Vector Group","hd":false}],"ip":187,"op":231,"st":183,"bm":0},{"ddd":0,"ind":4,"ty":4,"nm":"e tail","parent":1,"sr":1,"ks":{"o":{"a":0,"k":100,"ix":11},"r":{"a":0,"k":0,"ix":10},"p":{"a":0,"k":[-4.5,-130.5,0],"ix":2},"a":{"a":0,"k":[65.5,25.5,0],"ix":1},"s":{"a":0,"k":[100,100,100],"ix":6}},"ao":0,"shapes":[{"ty":"gr","it":[{"d":1,"ty":"el","s":{"a":0,"k":[261,261],"ix":2},"p":{"a":0,"k":[0,0],"ix":3},"nm":"Ellipse Path 1","mn":"ADBE Vector Shape - Ellipse","hd":false},{"ty":"tm","s":{"a":1,"k":[{"i":{"x":[0.868],"y":[0.956]},"o":{"x":[1],"y":[0]},"t":195,"s":[99]},{"t":231,"s":[28.3]}],"ix":1},"e":{"a":1,"k":[{"i":{"x":[0.6],"y":[0.994]},"o":{"x":[1],"y":[0]},"t":187,"s":[100]},{"t":223,"s":[27]}],"ix":2},"o":{"a":0,"k":181,"ix":3},"m":1,"ix":2,"nm":"Trim Paths 1","mn":"ADBE Vector Filter - Trim","hd":false},{"ty":"st","c":{"a":0,"k":[0.917647118662,0.262745098039,0.207843152214,1],"ix":3},"o":{"a":0,"k":100,"ix":4},"w":{"a":0,"k":68,"ix":5},"lc":2,"lj":1,"ml":4,"bm":0,"nm":"Stroke 1","mn":"ADBE Vector Graphic - Stroke","hd":false},{"ty":"tr","p":{"a":0,"k":[65.5,25.5],"ix":2},"a":{"a":0,"k":[0,0],"ix":1},"s":{"a":0,"k":[100,100],"ix":3},"r":{"a":0,"k":0,"ix":6},"o":{"a":0,"k":100,"ix":7},"sk":{"a":0,"k":0,"ix":4},"sa":{"a":0,"k":0,"ix":5},"nm":"Transform"}],"nm":"Ellipse 1","np":4,"cix":2,"bm":0,"ix":1,"mn":"ADBE Vector Group","hd":false}],"ip":187,"op":231,"st":183,"bm":0},{"ddd":0,"ind":5,"ty":4,"nm":"e Outlines","sr":1,"ks":{"o":{"a":0,"k":100,"ix":11},"r":{"a":1,"k":[{"i":{"x":[0.833],"y":[0.833]},"o":{"x":[0.167],"y":[0.167]},"t":231,"s":[39.5]},{"t":237,"s":[0]}],"ix":10,"x":"var $bm_rt;\nvar amp, freq, decay, n, n, t, t, v;\namp = 7;\nfreq = 2;\ndecay = 3;\n$bm_rt = n = 0;\nif (numKeys > 0) {\n    $bm_rt = n = nearestKey(time).index;\n    if (key(n).time > time) {\n        n--;\n    }\n}\nif (n == 0) {\n    $bm_rt = t = 0;\n} else {\n    $bm_rt = t = $bm_sub(time, key(n).time);\n}\nif (n > 0 && t < 1) {\n    v = velocityAtTime($bm_sub(key(n).time, $bm_div(thisComp.frameDuration, 10)));\n    $bm_rt = $bm_sum(value, $bm_div($bm_mul($bm_mul(v, $bm_div(amp, 100)), Math.sin($bm_mul($bm_mul($bm_mul(freq, t), 2), Math.PI))), Math.exp($bm_mul(decay, t))));\n} else {\n    $bm_rt = value;\n}"},"p":{"a":1,"k":[{"i":{"x":0.833,"y":0.833},"o":{"x":0.167,"y":0.167},"t":225,"s":[777.025,440.7,0],"to":[0,2.1,0],"ti":[0,-2.1,0]},{"t":231,"s":[777.025,453.3,0]}],"ix":2,"x":"var $bm_rt;\nvar amp, freq, decay, n, n, t, t, v;\namp = 7;\nfreq = 2;\ndecay = 3;\n$bm_rt = n = 0;\nif (numKeys > 0) {\n    $bm_rt = n = nearestKey(time).index;\n    if (key(n).time > time) {\n        n--;\n    }\n}\nif (n == 0) {\n    $bm_rt = t = 0;\n} else {\n    $bm_rt = t = $bm_sub(time, key(n).time);\n}\nif (n > 0 && t < 1) {\n    v = velocityAtTime($bm_sub(key(n).time, $bm_div(thisComp.frameDuration, 10)));\n    $bm_rt = $bm_sum(value, $bm_div($bm_mul($bm_mul(v, $bm_div(amp, 100)), Math.sin($bm_mul($bm_mul($bm_mul(freq, t), 2), Math.PI))), Math.exp($bm_mul(decay, t))));\n} else {\n    $bm_rt = value;\n}"},"a":{"a":0,"k":[31.399,34.05,0],"ix":1},"s":{"a":1,"k":[{"i":{"x":[0.833,0.833,0.833],"y":[0.833,0.833,0.833]},"o":{"x":[0.167,0.167,0.167],"y":[0.167,0.167,0.167]},"t":227,"s":[90,110,100]},{"t":233,"s":[100,100,100]}],"ix":6,"x":"var $bm_rt;\nvar amp, freq, decay, n, n, t, t, v;\namp = 7;\nfreq = 2;\ndecay = 3;\n$bm_rt = n = 0;\nif (numKeys > 0) {\n    $bm_rt = n = nearestKey(time).index;\n    if (key(n).time > time) {\n        n--;\n    }\n}\nif (n == 0) {\n    $bm_rt = t = 0;\n} else {\n    $bm_rt = t = $bm_sub(time, key(n).time);\n}\nif (n > 0 && t < 1) {\n    v = velocityAtTime($bm_sub(key(n).time, $bm_div(thisComp.frameDuration, 10)));\n    $bm_rt = $bm_sum(value, $bm_div($bm_mul($bm_mul(v, $bm_div(amp, 100)), Math.sin($bm_mul($bm_mul($bm_mul(freq, t), 2), Math.PI))), Math.exp($bm_mul(decay, t))));\n} else {\n    $bm_rt = value;\n}"}},"ao":0,"shapes":[{"ty":"gr","it":[{"ind":0,"ty":"sh","ix":1,"ks":{"a":0,"k":{"i":[[-7.601,0],[-1.601,-4.3],[0,0]],"o":[[5.899,0],[0,0],[-0.401,-13]],"v":[[1.251,-20.8],[13.751,-13.6],[-16.449,-1.1]],"c":true},"ix":2},"nm":"Path 1","mn":"ADBE Vector Shape - Group","hd":false},{"ind":1,"ty":"sh","ix":2,"ks":{"a":0,"k":{"i":[[7.6,0],[3.5,6.7],[0,0],[0,0],[17.5,0],[0,-20.1],[-19.201,0],[-3.8,5.5],[0,0]],"o":[[-7.6,0],[0,0],[0,0],[-2.799,-7.6],[-17.4,0],[0,18.9],[15.5,0],[0,0],[-3.901,5.6]],"v":[[2.35,20.4],[-14.05,10.2],[31.15,-8.5],[29.65,-12.3],[0.751,-33.8],[-31.15,0],[2.35,33.8],[30.551,18.8],[19.051,11.1]],"c":true},"ix":2},"nm":"Path 2","mn":"ADBE Vector Shape - Group","hd":false},{"ty":"mm","mm":1,"nm":"Merge Paths 1","mn":"ADBE Vector Filter - Merge","hd":false},{"ty":"fl","c":{"a":0,"k":[0.917999985639,0.263000009574,0.20800000359,1],"ix":4},"o":{"a":0,"k":100,"ix":5},"r":1,"bm":0,"nm":"Fill 1","mn":"ADBE Vector Graphic - Fill","hd":false},{"ty":"tr","p":{"a":0,"k":[31.399,34.05],"ix":2},"a":{"a":0,"k":[0,0],"ix":1},"s":{"a":0,"k":[100,100],"ix":3},"r":{"a":0,"k":0,"ix":6},"o":{"a":0,"k":100,"ix":7},"sk":{"a":0,"k":0,"ix":4},"sa":{"a":0,"k":0,"ix":5},"nm":"Transform"}],"nm":"Group 1","np":4,"cix":2,"bm":0,"ix":1,"mn":"ADBE Vector Group","hd":false}],"ip":231,"op":531,"st":231,"bm":0},{"ddd":0,"ind":6,"ty":4,"nm":"l Outlines 2","sr":1,"ks":{"o":{"a":0,"k":100,"ix":11},"r":{"a":1,"k":[{"i":{"x":[0.221],"y":[0.654]},"o":{"x":[0.107],"y":[-0.002]},"t":165,"s":[90]},{"i":{"x":[0.973],"y":[1]},"o":{"x":[0.832],"y":[0.591]},"t":185,"s":[270]},{"t":201,"s":[360]}],"ix":10},"p":{"a":1,"k":[{"i":{"x":0,"y":0.696},"o":{"x":0.084,"y":0},"t":165,"s":[1059.775,435.5,0],"to":[0,0,0],"ti":[120.18,-0.631,0]},{"i":{"x":1,"y":1},"o":{"x":1,"y":0.195},"t":187,"s":[949.275,174.35,0],"to":[-110.246,0.579,0],"ti":[0,0,0]},{"i":{"x":0,"y":1},"o":{"x":0,"y":0},"t":201,"s":[836.48,435.5,0],"to":[0,0,0],"ti":[0,0,0]},{"t":209,"s":[731.275,435.35,0]}],"ix":2},"a":{"a":0,"k":[7.65,49.9,0],"ix":1},"s":{"a":0,"k":[100,100,100],"ix":6}},"ao":0,"shapes":[{"ty":"gr","it":[{"ind":0,"ty":"sh","ix":1,"ks":{"a":1,"k":[{"i":{"x":0.667,"y":1},"o":{"x":0.333,"y":0},"t":193,"s":[{"i":[[0,0],[0,0],[0,0],[0,0],[0,0],[0,0]],"o":[[0,0],[0,0],[0,0],[0,0],[0,0],[0,0]],"v":[[-7.4,-49.65],[7.4,-49.65],[7.4,47.375],[7.4,49.65],[-7.4,49.65],[-7.4,47.5]],"c":true}]},{"i":{"x":0.667,"y":1},"o":{"x":0.333,"y":0},"t":201,"s":[{"i":[[-34.569,11.69],[0.81,-0.19],[0,0],[0,0],[0,0],[0,0]],"o":[[1.422,-0.481],[-29.53,8.338],[0,0],[0,0],[0,0],[0,0]],"v":[[34.663,-42.414],[45.888,-32.769],[7.697,49.302],[7.4,49.65],[-7.4,49.65],[-6.657,45.696]],"c":true}]},{"i":{"x":0.667,"y":1},"o":{"x":0.333,"y":0},"t":209,"s":[{"i":[[0,0],[0,0],[0,0],[0,0],[0,0],[0,0]],"o":[[0,0],[0,0],[0,0],[0,0],[0,0],[0,0]],"v":[[-7.4,-49.65],[7.4,-49.65],[7.4,47.375],[7.4,49.65],[-7.4,49.65],[-7.4,47.5]],"c":true}]},{"i":{"x":0.833,"y":0.833},"o":{"x":0.333,"y":0},"t":215,"s":[{"i":[[23.508,31.954],[-0.545,-0.141],[0,0],[0,0],[0,0],[0,0]],"o":[[0.018,-0.318],[21.873,23.786],[0,0],[0,0],[0,0],[0,0]],"v":[[-25.246,-46.407],[-10.657,-49.16],[7.375,47.375],[7.375,49.625],[-7.375,49.625],[-7.375,47.5]],"c":true}]},{"t":221,"s":[{"i":[[0,0],[0,0],[0,0],[0,0],[0,0],[0,0]],"o":[[0,0],[0,0],[0,0],[0,0],[0,0],[0,0]],"v":[[-7.4,-49.65],[7.4,-49.65],[7.4,47.375],[7.4,49.65],[-7.4,49.65],[-7.4,47.5]],"c":true}]}],"ix":2,"x":"var $bm_rt;\nvar n, n, p0, p1, p, pCur, t, freq, decay, amplitude, m, i, v;\n$bm_rt = n = 0;\nif (numKeys > 0) {\n    $bm_rt = n = nearestKey(time).index;\n    if (key(n).time > time)\n        n--;\n}\nif (n > 0) {\n    p0 = thisProperty.points($bm_sub(key(n).time, $bm_div(thisComp.frameDuration, 10)));\n    p1 = thisProperty.points(key(n).time);\n    p = [];\n    pCur = thisProperty.points();\n    t = $bm_sub(time, key(n).time);\n    freq = 4;\n    decay = 7;\n    amplitude = 1;\n    m = $bm_div($bm_mul(amplitude, Math.sin($bm_mul($bm_mul($bm_mul(freq, t), 2), Math.PI))), Math.exp($bm_mul(decay, t)));\n    for (i = 0; i < p0.length; i++) {\n        v = $bm_mul($bm_mul($bm_sub(p1[i], p0[i]), 10), m);\n        p.push($bm_sum(pCur[i], v));\n    }\n    $bm_rt = createPath(p, thisProperty.inTangents(), thisProperty.outTangents(), thisProperty.isClosed());\n} else\n    $bm_rt = value;"},"nm":"Path 1","mn":"ADBE Vector Shape - Group","hd":false},{"ty":"fl","c":{"a":0,"k":[0.204000001795,0.658999992819,0.325,1],"ix":4},"o":{"a":0,"k":100,"ix":5},"r":1,"bm":0,"nm":"Fill 1","mn":"ADBE Vector Graphic - Fill","hd":false},{"ty":"tr","p":{"a":0,"k":[7.65,49.9],"ix":2},"a":{"a":0,"k":[0,0],"ix":1},"s":{"a":0,"k":[100,100],"ix":3},"r":{"a":0,"k":0,"ix":6},"o":{"a":0,"k":100,"ix":7},"sk":{"a":0,"k":0,"ix":4},"sa":{"a":0,"k":0,"ix":5},"nm":"Transform"}],"nm":"Group 1","np":2,"cix":2,"bm":0,"ix":1,"mn":"ADBE Vector Group","hd":false}],"ip":165,"op":465,"st":165,"bm":0},{"ddd":0,"ind":8,"ty":4,"nm":"g Outlines","sr":1,"ks":{"o":{"a":0,"k":100,"ix":11},"r":{"a":1,"k":[{"i":{"x":[0.667],"y":[1]},"o":{"x":[0.333],"y":[0]},"t":127,"s":[-7]},{"i":{"x":[0.667],"y":[1]},"o":{"x":[0.333],"y":[0]},"t":139,"s":[7.6]},{"i":{"x":[0.833],"y":[1]},"o":{"x":[0.333],"y":[0]},"t":167,"s":[7.1]},{"i":{"x":[0.833],"y":[0.833]},"o":{"x":[0.167],"y":[0.167]},"t":173,"s":[7.1]},{"t":179,"s":[0]}],"ix":10,"x":"var $bm_rt;\nvar amp, freq, decay, n, n, t, t, v;\namp = 5;\nfreq = 2;\ndecay = 4;\n$bm_rt = n = 0;\nif (numKeys > 0) {\n    $bm_rt = n = nearestKey(time).index;\n    if (key(n).time > time) {\n        n--;\n    }\n}\nif (n == 0) {\n    $bm_rt = t = 0;\n} else {\n    $bm_rt = t = $bm_sub(time, key(n).time);\n}\nif (n > 0 && t < 1) {\n    v = velocityAtTime($bm_sub(key(n).time, $bm_div(thisComp.frameDuration, 10)));\n    $bm_rt = $bm_sum(value, $bm_div($bm_mul($bm_mul(v, $bm_div(amp, 100)), Math.sin($bm_mul($bm_mul($bm_mul(freq, t), 2), Math.PI))), Math.exp($bm_mul(decay, t))));\n} else {\n    $bm_rt = value;\n}"},"p":{"a":1,"k":[{"i":{"x":0,"y":0.832},"o":{"x":0.175,"y":0},"t":127,"s":[1050.225,799,0],"to":[13.333,-97.667,0],"ti":[300.879,6.017,0]},{"i":{"x":0.871,"y":0.899},"o":{"x":1,"y":0.312},"t":149,"s":[853.225,147,0],"to":[-166.032,-3.32,0],"ti":[-6,-99.567,0]},{"t":171,"s":[681.225,468.4,0]}],"ix":2,"x":"var $bm_rt;\nvar amp, freq, decay, n, n, t, t, v;\namp = 4;\nfreq = 2;\ndecay = 5;\n$bm_rt = n = 0;\nif (numKeys > 0) {\n    $bm_rt = n = nearestKey(time).index;\n    if (key(n).time > time) {\n        n--;\n    }\n}\nif (n == 0) {\n    $bm_rt = t = 0;\n} else {\n    $bm_rt = t = $bm_sub(time, key(n).time);\n}\nif (n > 0 && t < 1) {\n    v = velocityAtTime($bm_sub(key(n).time, $bm_div(thisComp.frameDuration, 10)));\n    $bm_rt = $bm_sum(value, $bm_div($bm_mul($bm_mul(v, $bm_div(amp, 100)), Math.sin($bm_mul($bm_mul($bm_mul(freq, t), 2), Math.PI))), Math.exp($bm_mul(decay, t))));\n} else {\n    $bm_rt = value;\n}"},"a":{"a":0,"k":[32.7,49.25,0],"ix":1},"s":{"a":1,"k":[{"i":{"x":[0.833,0.833,0.833],"y":[0.833,0.833,0.833]},"o":{"x":[0.167,0.167,0.167],"y":[0.167,0.167,0.167]},"t":127,"s":[71,30,100]},{"i":{"x":[0.833,0.833,0.833],"y":[0.833,0.833,0.833]},"o":{"x":[0.167,0.167,0.167],"y":[0.167,0.167,0.167]},"t":133,"s":[100,100,100]},{"i":{"x":[0.833,0.833,0.833],"y":[0.833,0.833,0.833]},"o":{"x":[0.167,0.167,0.167],"y":[0.167,0.167,0.167]},"t":163,"s":[100,100,100]},{"i":{"x":[0.833,0.833,0.833],"y":[0.833,0.833,0.833]},"o":{"x":[0.167,0.167,0.167],"y":[0.167,0.167,0.167]},"t":169,"s":[90,110,100]},{"t":175,"s":[100,100,100]}],"ix":6,"x":"var $bm_rt;\nvar amp, freq, decay, n, n, t, t, v;\namp = 5;\nfreq = 2;\ndecay = 4;\n$bm_rt = n = 0;\nif (numKeys > 0) {\n    $bm_rt = n = nearestKey(time).index;\n    if (key(n).time > time) {\n        n--;\n    }\n}\nif (n == 0) {\n    $bm_rt = t = 0;\n} else {\n    $bm_rt = t = $bm_sub(time, key(n).time);\n}\nif (n > 0 && t < 1) {\n    v = velocityAtTime($bm_sub(key(n).time, $bm_div(thisComp.frameDuration, 10)));\n    $bm_rt = $bm_sum(value, $bm_div($bm_mul($bm_mul(v, $bm_div(amp, 100)), Math.sin($bm_mul($bm_mul($bm_mul(freq, t), 2), Math.PI))), Math.exp($bm_mul(decay, t))));\n} else {\n    $bm_rt = value;\n}"}},"ao":0,"shapes":[{"ty":"gr","it":[{"ind":0,"ty":"sh","ix":1,"ks":{"a":1,"k":[{"i":{"x":0,"y":1},"o":{"x":0.333,"y":0},"t":127,"s":[{"i":[[9.079,0],[1.376,10.148],[0,1.079],[-10.2,0],[0,-11.9],[0.149,-1.128]],"o":[[-9.267,0],[-0.138,-1.021],[0,-11.9],[10.1,0],[0.01,1.203],[-1.327,10.032]],"v":[[1.25,5.3],[-17.34,-11.948],[-17.55,-15.1],[1.25,-35.7],[19.25,-15.1],[19.038,-11.601]],"c":true}]},{"i":{"x":0.667,"y":1},"o":{"x":0.333,"y":0},"t":137,"s":[{"i":[[9.209,0],[1.244,10.327],[0,0.961],[-10.2,0],[0,-11.9],[0.113,-0.993]],"o":[[-9.369,0],[-0.11,-0.916],[0,-11.9],[10.1,0],[0.009,1.05],[-1.169,10.267]],"v":[[0.998,300.8],[-17.634,283.216],[-17.55,-15.1],[1.25,-35.7],[19.25,-15.1],[18.84,283.466]],"c":true}]},{"i":{"x":0.833,"y":1},"o":{"x":0.333,"y":0},"t":149,"s":[{"i":[[9.079,0],[1.376,10.148],[0,1.079],[-10.2,0],[0,-11.9],[0.149,-1.128]],"o":[[-9.267,0],[-0.138,-1.021],[0,-11.9],[10.1,0],[0.01,1.203],[-1.327,10.032]],"v":[[1.25,5.3],[-17.34,-11.948],[-17.55,-15.1],[1.25,-35.7],[19.25,-15.1],[19.038,-11.601]],"c":true}]},{"t":171,"s":[{"i":[[9.079,0],[1.376,10.148],[0,1.079],[-10.2,0],[0,-11.9],[0.149,-1.128]],"o":[[-9.267,0],[-0.138,-1.021],[0,-11.9],[10.1,0],[0.01,1.203],[-1.327,10.032]],"v":[[1.25,5.3],[-17.34,-11.948],[-17.55,-15.1],[1.25,-35.7],[19.25,-15.1],[19.038,-11.601]],"c":true}]}],"ix":2},"nm":"Path 1","mn":"ADBE Vector Shape - Group","hd":false},{"ind":1,"ty":"sh","ix":2,"ks":{"a":1,"k":[{"i":{"x":0,"y":1},"o":{"x":0.333,"y":0},"t":127,"s":[{"i":[[0,0],[0,0],[0,0],[8.1,0],[0,-19.1],[-0.123,-1.173],[-15.818,0],[-3.3,4.1],[0,0],[0,0],[11.1,0],[2.3,5.5],[0,0],[-16.4,0],[0,25],[0,0]],"o":[[0,0],[0,0],[-3.3,-4],[-16.9,0],[0,1.209],[1.803,17.158],[8.1,0],[0,0],[0,0],[0,12.899],[-9.1,0],[0,0],[3.7,9],[17.4,0],[0,0],[0,0]],"v":[[18.25,-46.9],[18.25,-41.4],[17.75,-41.4],[-0.05,-49],[-32.45,-15.1],[-32.263,-11.525],[-0.05,18.6],[17.75,10.9],[18.25,10.9],[18.25,15.8],[0.25,35.6],[-16.75,23.6],[-29.65,29],[0.35,49],[32.45,13.8],[32.45,-46.9]],"c":true}]},{"i":{"x":0.667,"y":1},"o":{"x":0.333,"y":0},"t":137,"s":[{"i":[[0,0],[0,0],[0,0],[8.1,0],[0,-19.1],[-0.105,-1.087],[-15.901,0],[-3.3,4.1],[0,0],[0,0],[11.1,0],[2.3,5.5],[0,0],[-16.4,0],[0,25],[0,0]],"o":[[0,0],[0,0],[-3.3,-4],[-16.9,0],[0,1.118],[1.678,17.291],[8.1,0],[0,0],[0,0],[0,12.899],[-9.1,0],[0,0],[3.7,9],[17.4,0],[0,0],[0,0]],"v":[[18.25,-46.9],[18.25,-41.4],[17.75,-41.4],[-0.05,-49],[-32.45,-15.1],[-32.542,283.708],[-0.302,314.1],[17.498,306.4],[17.998,306.4],[18.146,327.8],[0.146,347.6],[-16.854,335.6],[-29.754,341],[0.246,361],[32.346,325.8],[32.45,-46.9]],"c":true}]},{"i":{"x":0.833,"y":1},"o":{"x":0.333,"y":0},"t":149,"s":[{"i":[[0,0],[0,0],[0,0],[8.1,0],[0,-19.1],[-0.123,-1.173],[-15.818,0],[-3.3,4.1],[0,0],[0,0],[11.1,0],[2.3,5.5],[0,0],[-16.4,0],[0,25],[0,0]],"o":[[0,0],[0,0],[-3.3,-4],[-16.9,0],[0,1.209],[1.803,17.158],[8.1,0],[0,0],[0,0],[0,12.899],[-9.1,0],[0,0],[3.7,9],[17.4,0],[0,0],[0,0]],"v":[[18.25,-46.9],[18.25,-41.4],[17.75,-41.4],[-0.05,-49],[-32.45,-15.1],[-32.263,-11.525],[-0.05,18.6],[17.75,10.9],[18.25,10.9],[18.25,15.8],[0.25,35.6],[-16.75,23.6],[-29.65,29],[0.35,49],[32.45,13.8],[32.45,-46.9]],"c":true}]},{"i":{"x":0.833,"y":1},"o":{"x":0.167,"y":0},"t":171,"s":[{"i":[[0,0],[0,0],[0,0],[8.1,0],[0,-19.1],[-0.123,-1.173],[-15.818,0],[-3.3,4.1],[0,0],[0,0],[11.1,0],[2.3,5.5],[0,0],[-16.4,0],[0,25],[0,0]],"o":[[0,0],[0,0],[-3.3,-4],[-16.9,0],[0,1.209],[1.803,17.158],[8.1,0],[0,0],[0,0],[0,12.899],[-9.1,0],[0,0],[3.7,9],[17.4,0],[0,0],[0,0]],"v":[[18.25,-46.9],[18.25,-41.4],[17.75,-41.4],[-0.05,-49],[-32.45,-15.1],[-32.263,-11.525],[-0.05,18.6],[17.75,10.9],[18.25,10.9],[18.25,15.8],[0.25,35.6],[-16.75,23.6],[-29.65,29],[0.35,49],[32.45,13.8],[32.45,-46.9]],"c":true}]},{"i":{"x":0.833,"y":1},"o":{"x":0.167,"y":0},"t":179,"s":[{"i":[[0,0],[0,0],[0,0],[8.1,0],[0,-19.1],[-0.123,-1.173],[-15.818,0],[-3.3,4.1],[0,0],[0,0],[11.1,0],[2.3,5.5],[0,0],[-16.4,0],[0,25],[0,0]],"o":[[0,0],[0,0],[-3.3,-4],[-16.9,0],[0,1.209],[1.803,17.158],[8.1,0],[0,0],[0,0],[0,12.899],[-9.1,0],[0,0],[3.7,9],[17.4,0],[0,0],[0,0]],"v":[[18.25,-46.9],[18.25,-41.4],[17.75,-41.4],[-0.05,-49],[-32.45,-15.1],[-32.263,-11.525],[-0.05,18.6],[17.75,10.9],[18.25,10.9],[17.891,52.667],[-0.109,72.467],[-17.109,60.467],[-30.009,65.867],[-0.009,85.867],[32.091,50.667],[32.45,-46.9]],"c":true}]},{"t":187,"s":[{"i":[[0,0],[0,0],[0,0],[8.1,0],[0,-19.1],[-0.123,-1.173],[-15.818,0],[-3.3,4.1],[0,0],[0,0],[11.1,0],[2.3,5.5],[0,0],[-16.4,0],[0,25],[0,0]],"o":[[0,0],[0,0],[-3.3,-4],[-16.9,0],[0,1.209],[1.803,17.158],[8.1,0],[0,0],[0,0],[0,12.899],[-9.1,0],[0,0],[3.7,9],[17.4,0],[0,0],[0,0]],"v":[[18.25,-46.9],[18.25,-41.4],[17.75,-41.4],[-0.05,-49],[-32.45,-15.1],[-32.263,-11.525],[-0.05,18.6],[17.75,10.9],[18.25,10.9],[18.25,15.8],[0.25,35.6],[-16.75,23.6],[-29.65,29],[0.35,49],[32.45,13.8],[32.45,-46.9]],"c":true}]}],"ix":2},"nm":"Path 2","mn":"ADBE Vector Shape - Group","hd":false},{"ty":"mm","mm":1,"nm":"Merge Paths 1","mn":"ADBE Vector Filter - Merge","hd":false},{"ty":"fl","c":{"a":0,"k":[0.258999992819,0.522000002394,0.957000014361,1],"ix":4},"o":{"a":0,"k":100,"ix":5},"r":1,"bm":0,"nm":"Fill 1","mn":"ADBE Vector Graphic - Fill","hd":false},{"ty":"tr","p":{"a":0,"k":[32.7,49.25],"ix":2},"a":{"a":0,"k":[0,0],"ix":1},"s":{"a":0,"k":[100,100],"ix":3},"r":{"a":0,"k":0,"ix":6},"o":{"a":0,"k":100,"ix":7},"sk":{"a":0,"k":0,"ix":4},"sa":{"a":0,"k":0,"ix":5},"nm":"Transform"}],"nm":"Group 1","np":4,"cix":2,"bm":0,"ix":1,"mn":"ADBE Vector Group","hd":false}],"ip":127,"op":427,"st":127,"bm":0},{"ddd":0,"ind":10,"ty":4,"nm":"o yellow 3","sr":1,"ks":{"o":{"a":0,"k":100,"ix":11},"r":{"a":0,"k":0,"ix":10},"p":{"a":0,"k":[600,450,0],"ix":2},"a":{"a":0,"k":[0,0,0],"ix":1},"s":{"a":0,"k":[100,100,100],"ix":6}},"ao":0,"shapes":[{"ty":"gr","it":[{"ind":0,"ty":"sh","ix":1,"ks":{"a":0,"k":{"i":[[0,0],[0,0],[-118.49,-1.623],[0,-30.5]],"o":[[211,0],[0,0],[109.5,1.5],[0,0]],"v":[[-485,-188],[-279,6],[-132.5,-151.5],[9,6]],"c":false},"ix":2},"nm":"Path 1","mn":"ADBE Vector Shape - Group","hd":false},{"ty":"tm","s":{"a":1,"k":[{"i":{"x":[0.852],"y":[0.997]},"o":{"x":[0.281],"y":[0.003]},"t":97.904,"s":[0]},{"i":{"x":[0.712],"y":[3.307]},"o":{"x":[0.29],"y":[-0.124]},"t":113.117,"s":[41.007]},{"i":{"x":[0.719],"y":[0.998]},"o":{"x":[0.38],"y":[0.052]},"t":119.824,"s":[40.095]},{"i":{"x":[0.667],"y":[1]},"o":{"x":[0.333],"y":[0.004]},"t":121,"s":[49.507]},{"t":131,"s":[99]}],"ix":1},"e":{"a":1,"k":[{"i":{"x":[0.515],"y":[0.998]},"o":{"x":[0.131],"y":[0.001]},"t":93,"s":[1]},{"i":{"x":[0.515],"y":[0.881]},"o":{"x":[0.361],"y":[0.088]},"t":101.58,"s":[40.68]},{"i":{"x":[0.515],"y":[0.841]},"o":{"x":[0.336],"y":[0.11]},"t":113,"s":[40.68]},{"i":{"x":[0.708],"y":[1]},"o":{"x":[0.162],"y":[0.001]},"t":117.588,"s":[40.98]},{"t":126.095703125,"s":[100]}],"ix":2},"o":{"a":0,"k":0,"ix":3},"m":1,"ix":2,"nm":"Trim Paths 1","mn":"ADBE Vector Filter - Trim","hd":false},{"ty":"st","c":{"a":0,"k":[1,1,1,1],"ix":3},"o":{"a":0,"k":100,"ix":4},"w":{"a":0,"k":38,"ix":5},"lc":2,"lj":2,"bm":0,"nm":"Stroke 1","mn":"ADBE Vector Graphic - Stroke","hd":false},{"ty":"tr","p":{"a":0,"k":[0,0],"ix":2},"a":{"a":0,"k":[0,0],"ix":1},"s":{"a":0,"k":[100,100],"ix":3},"r":{"a":0,"k":0,"ix":6},"o":{"a":0,"k":100,"ix":7},"sk":{"a":0,"k":0,"ix":4},"sa":{"a":0,"k":0,"ix":5},"nm":"Transform"}],"nm":"Shape 1","np":4,"cix":2,"bm":0,"ix":1,"mn":"ADBE Vector Group","hd":false}],"ip":91,"op":133,"st":83,"bm":0},{"ddd":0,"ind":11,"ty":4,"nm":"o yellow","sr":1,"ks":{"o":{"a":0,"k":100,"ix":11},"r":{"a":0,"k":0,"ix":10},"p":{"a":0,"k":[600,450,0],"ix":2},"a":{"a":0,"k":[0,0,0],"ix":1},"s":{"a":0,"k":[100,100,100],"ix":6}},"ao":0,"shapes":[{"ty":"gr","it":[{"ind":0,"ty":"sh","ix":1,"ks":{"a":0,"k":{"i":[[0,0],[0,0],[-118.49,-1.623],[0,-30.5]],"o":[[211,0],[0,0],[109.5,1.5],[0,0]],"v":[[-485,-188],[-279,6],[-132.5,-151.5],[9,6]],"c":false},"ix":2},"nm":"Path 1","mn":"ADBE Vector Shape - Group","hd":false},{"ty":"tm","s":{"a":1,"k":[{"i":{"x":[0.852],"y":[0.997]},"o":{"x":[0.281],"y":[0.003]},"t":97.904,"s":[0]},{"i":{"x":[0.712],"y":[3.307]},"o":{"x":[0.29],"y":[-0.124]},"t":113.117,"s":[41.007]},{"i":{"x":[0.719],"y":[0.998]},"o":{"x":[0.38],"y":[0.052]},"t":119.824,"s":[40.095]},{"i":{"x":[0.667],"y":[1]},"o":{"x":[0.333],"y":[0.004]},"t":121,"s":[49.507]},{"t":131,"s":[99]}],"ix":1},"e":{"a":1,"k":[{"i":{"x":[0.515],"y":[0.998]},"o":{"x":[0.131],"y":[0.001]},"t":93,"s":[1]},{"i":{"x":[0.515],"y":[0.881]},"o":{"x":[0.361],"y":[0.088]},"t":101.58,"s":[40.68]},{"i":{"x":[0.515],"y":[0.841]},"o":{"x":[0.336],"y":[0.11]},"t":113,"s":[40.68]},{"i":{"x":[0.708],"y":[1]},"o":{"x":[0.162],"y":[0.001]},"t":117.588,"s":[40.98]},{"t":126.095703125,"s":[100]}],"ix":2},"o":{"a":0,"k":0,"ix":3},"m":1,"ix":2,"nm":"Trim Paths 1","mn":"ADBE Vector Filter - Trim","hd":false},{"ty":"st","c":{"a":0,"k":[0.984313785329,0.737254901961,0.019607843137,1],"ix":3},"o":{"a":0,"k":100,"ix":4},"w":{"a":0,"k":68,"ix":5},"lc":2,"lj":2,"bm":0,"nm":"Stroke 1","mn":"ADBE Vector Graphic - Stroke","hd":false},{"ty":"tr","p":{"a":0,"k":[0,0],"ix":2},"a":{"a":0,"k":[0,0],"ix":1},"s":{"a":0,"k":[100,100],"ix":3},"r":{"a":0,"k":0,"ix":6},"o":{"a":0,"k":100,"ix":7},"sk":{"a":0,"k":0,"ix":4},"sa":{"a":0,"k":0,"ix":5},"nm":"Transform"}],"nm":"Shape 1","np":4,"cix":2,"bm":0,"ix":1,"mn":"ADBE Vector Group","hd":false}],"ip":91,"op":133,"st":83,"bm":0},{"ddd":0,"ind":12,"ty":4,"nm":"o2 Outlines","sr":1,"ks":{"o":{"a":0,"k":100,"ix":11},"r":{"a":0,"k":0,"ix":10},"p":{"a":1,"k":[{"i":{"x":0.833,"y":0.833},"o":{"x":0.167,"y":0.167},"t":129,"s":[608.675,446.4,0],"to":[0,1.15,0],"ti":[0,-1.15,0]},{"t":133,"s":[608.675,453.3,0]}],"ix":2,"x":"var $bm_rt;\nvar amp, freq, decay, n, n, t, t, v;\namp = 5;\nfreq = 2;\ndecay = 4;\n$bm_rt = n = 0;\nif (numKeys > 0) {\n    $bm_rt = n = nearestKey(time).index;\n    if (key(n).time > time) {\n        n--;\n    }\n}\nif (n == 0) {\n    $bm_rt = t = 0;\n} else {\n    $bm_rt = t = $bm_sub(time, key(n).time);\n}\nif (n > 0 && t < 1) {\n    v = velocityAtTime($bm_sub(key(n).time, $bm_div(thisComp.frameDuration, 10)));\n    $bm_rt = $bm_sum(value, $bm_div($bm_mul($bm_mul(v, $bm_div(amp, 100)), Math.sin($bm_mul($bm_mul($bm_mul(freq, t), 2), Math.PI))), Math.exp($bm_mul(decay, t))));\n} else {\n    $bm_rt = value;\n}"},"a":{"a":0,"k":[34.15,34.049,0],"ix":1},"s":{"a":1,"k":[{"i":{"x":[0.833,0.833,0.833],"y":[0.833,0.833,0.833]},"o":{"x":[0.167,0.167,0.167],"y":[0.167,0.167,0.167]},"t":129,"s":[80,120,100]},{"t":133,"s":[100,100,100]}],"ix":6,"x":"var $bm_rt;\nvar amp, freq, decay, n, n, t, t, v;\namp = 5;\nfreq = 2;\ndecay = 3;\n$bm_rt = n = 0;\nif (numKeys > 0) {\n    $bm_rt = n = nearestKey(time).index;\n    if (key(n).time > time) {\n        n--;\n    }\n}\nif (n == 0) {\n    $bm_rt = t = 0;\n} else {\n    $bm_rt = t = $bm_sub(time, key(n).time);\n}\nif (n > 0 && t < 1) {\n    v = velocityAtTime($bm_sub(key(n).time, $bm_div(thisComp.frameDuration, 10)));\n    $bm_rt = $bm_sum(value, $bm_div($bm_mul($bm_mul(v, $bm_div(amp, 100)), Math.sin($bm_mul($bm_mul($bm_mul(freq, t), 2), Math.PI))), Math.exp($bm_mul(decay, t))));\n} else {\n    $bm_rt = value;\n}"}},"ao":0,"shapes":[{"ty":"gr","it":[{"ind":0,"ty":"sh","ix":1,"ks":{"a":0,"k":{"i":[[10.2,0],[0,12.1],[-10.3,0],[0,-12.2]],"o":[[-10.2,0],[0,-12.2],[10.3,0],[0,12.1]],"v":[[0,20.4],[-19.1,-0.1],[0,-20.6],[19.1,-0.1]],"c":true},"ix":2},"nm":"Path 1","mn":"ADBE Vector Shape - Group","hd":false},{"ind":1,"ty":"sh","ix":2,"ks":{"a":0,"k":{"i":[[18.7,0],[0,-19.6],[-18.7,0],[0,19.5]],"o":[[-18.7,0],[0,19.5],[18.7,0],[0,-19.6]],"v":[[0,-33.799],[-33.9,0],[0,33.799],[33.9,0]],"c":true},"ix":2},"nm":"Path 2","mn":"ADBE Vector Shape - Group","hd":false},{"ty":"mm","mm":1,"nm":"Merge Paths 1","mn":"ADBE Vector Filter - Merge","hd":false},{"ty":"fl","c":{"a":0,"k":[0.984000052658,0.736999990426,0.019999999626,1],"ix":4},"o":{"a":0,"k":100,"ix":5},"r":1,"bm":0,"nm":"Fill 1","mn":"ADBE Vector Graphic - Fill","hd":false},{"ty":"tr","p":{"a":0,"k":[34.15,34.05],"ix":2},"a":{"a":0,"k":[0,0],"ix":1},"s":{"a":0,"k":[100,100],"ix":3},"r":{"a":0,"k":0,"ix":6},"o":{"a":0,"k":100,"ix":7},"sk":{"a":0,"k":0,"ix":4},"sa":{"a":0,"k":0,"ix":5},"nm":"Transform"}],"nm":"Group 1","np":4,"cix":2,"bm":0,"ix":1,"mn":"ADBE Vector Group","hd":false}],"ip":133,"op":433,"st":133,"bm":0},{"ddd":0,"ind":13,"ty":3,"nm":"Null 2","sr":1,"ks":{"o":{"a":0,"k":0,"ix":11},"r":{"a":0,"k":0,"ix":10},"p":{"a":0,"k":[534.25,448.25,0],"ix":2},"a":{"a":0,"k":[0,0,0],"ix":1},"s":{"a":1,"k":[{"i":{"x":[0.26,0.26,0.667],"y":[0.979,0.979,1]},"o":{"x":[0.821,0.821,0.333],"y":[0.02,0.02,0]},"t":55,"s":[25,25,100]},{"t":65,"s":[100,100,100]}],"ix":6}},"ao":0,"ip":-33,"op":297,"st":-33,"bm":0},{"ddd":0,"ind":15,"ty":4,"nm":"o tail","parent":13,"sr":1,"ks":{"o":{"a":0,"k":100,"ix":11},"r":{"a":0,"k":-1.8,"ix":10},"p":{"a":0,"k":[129.25,22.25,0],"ix":2},"a":{"a":0,"k":[65.5,25.5,0],"ix":1},"s":{"a":0,"k":[100,100,100],"ix":6}},"ao":0,"shapes":[{"ty":"gr","it":[{"d":1,"ty":"el","s":{"a":0,"k":[261,261],"ix":2},"p":{"a":0,"k":[0,0],"ix":3},"nm":"Ellipse Path 1","mn":"ADBE Vector Shape - Ellipse","hd":false},{"ty":"tm","s":{"a":1,"k":[{"i":{"x":[0.86],"y":[0.998]},"o":{"x":[1],"y":[0]},"t":69,"s":[0]},{"t":105,"s":[99]}],"ix":1},"e":{"a":1,"k":[{"i":{"x":[0.86],"y":[0.998]},"o":{"x":[1],"y":[0]},"t":61,"s":[1]},{"t":97,"s":[100]}],"ix":2},"o":{"a":1,"k":[{"i":{"x":[0.833],"y":[0.833]},"o":{"x":[0.167],"y":[0.167]},"t":61,"s":[-82]},{"t":105,"s":[-81.5]}],"ix":3},"m":1,"ix":2,"nm":"Trim Paths 1","mn":"ADBE Vector Filter - Trim","hd":false},{"ty":"st","c":{"a":0,"k":[1,1,1,1],"ix":3},"o":{"a":0,"k":100,"ix":4},"w":{"a":0,"k":38,"ix":5},"lc":2,"lj":1,"ml":4,"bm":0,"nm":"Stroke 1","mn":"ADBE Vector Graphic - Stroke","hd":false},{"ty":"tr","p":{"a":0,"k":[65.5,25.5],"ix":2},"a":{"a":0,"k":[0,0],"ix":1},"s":{"a":0,"k":[100,100],"ix":3},"r":{"a":0,"k":0,"ix":6},"o":{"a":0,"k":100,"ix":7},"sk":{"a":0,"k":0,"ix":4},"sa":{"a":0,"k":0,"ix":5},"nm":"Transform"}],"nm":"Ellipse 1","np":4,"cix":2,"bm":0,"ix":1,"mn":"ADBE Vector Group","hd":false}],"ip":57,"op":107,"st":57,"bm":0},{"ddd":0,"ind":16,"ty":4,"nm":"o tail","parent":13,"sr":1,"ks":{"o":{"a":0,"k":100,"ix":11},"r":{"a":0,"k":-1.8,"ix":10},"p":{"a":0,"k":[129.25,22.25,0],"ix":2},"a":{"a":0,"k":[65.5,25.5,0],"ix":1},"s":{"a":0,"k":[100,100,100],"ix":6}},"ao":0,"shapes":[{"ty":"gr","it":[{"d":1,"ty":"el","s":{"a":0,"k":[261,261],"ix":2},"p":{"a":0,"k":[0,0],"ix":3},"nm":"Ellipse Path 1","mn":"ADBE Vector Shape - Ellipse","hd":false},{"ty":"tm","s":{"a":1,"k":[{"i":{"x":[0.86],"y":[0.998]},"o":{"x":[1],"y":[0]},"t":69,"s":[0]},{"t":105,"s":[99]}],"ix":1},"e":{"a":1,"k":[{"i":{"x":[0.86],"y":[0.998]},"o":{"x":[1],"y":[0]},"t":61,"s":[1]},{"t":97,"s":[100]}],"ix":2},"o":{"a":1,"k":[{"i":{"x":[0.833],"y":[0.833]},"o":{"x":[0.167],"y":[0.167]},"t":61,"s":[-82]},{"t":105,"s":[-81.5]}],"ix":3},"m":1,"ix":2,"nm":"Trim Paths 1","mn":"ADBE Vector Filter - Trim","hd":false},{"ty":"st","c":{"a":0,"k":[0.917647118662,0.262745098039,0.207843152214,1],"ix":3},"o":{"a":0,"k":100,"ix":4},"w":{"a":0,"k":68,"ix":5},"lc":2,"lj":1,"ml":4,"bm":0,"nm":"Stroke 1","mn":"ADBE Vector Graphic - Stroke","hd":false},{"ty":"tr","p":{"a":0,"k":[65.5,25.5],"ix":2},"a":{"a":0,"k":[0,0],"ix":1},"s":{"a":0,"k":[100,100],"ix":3},"r":{"a":0,"k":0,"ix":6},"o":{"a":0,"k":100,"ix":7},"sk":{"a":0,"k":0,"ix":4},"sa":{"a":0,"k":0,"ix":5},"nm":"Transform"}],"nm":"Ellipse 1","np":4,"cix":2,"bm":0,"ix":1,"mn":"ADBE Vector Group","hd":false}],"ip":57,"op":107,"st":57,"bm":0},{"ddd":0,"ind":17,"ty":4,"nm":"o Outlines","sr":1,"ks":{"o":{"a":0,"k":100,"ix":11},"r":{"a":0,"k":0,"ix":10},"p":{"a":1,"k":[{"i":{"x":0.833,"y":0.833},"o":{"x":0.167,"y":0.167},"t":104,"s":[534.675,464.8,0],"to":[0,-1.917,0],"ti":[0,1.917,0]},{"t":108,"s":[534.675,453.3,0]}],"ix":2,"x":"var $bm_rt;\nvar amp, freq, decay, n, n, t, t, v;\namp = 5;\nfreq = 2;\ndecay = 4;\n$bm_rt = n = 0;\nif (numKeys > 0) {\n    $bm_rt = n = nearestKey(time).index;\n    if (key(n).time > time) {\n        n--;\n    }\n}\nif (n == 0) {\n    $bm_rt = t = 0;\n} else {\n    $bm_rt = t = $bm_sub(time, key(n).time);\n}\nif (n > 0 && t < 1) {\n    v = velocityAtTime($bm_sub(key(n).time, $bm_div(thisComp.frameDuration, 10)));\n    $bm_rt = $bm_sum(value, $bm_div($bm_mul($bm_mul(v, $bm_div(amp, 100)), Math.sin($bm_mul($bm_mul($bm_mul(freq, t), 2), Math.PI))), Math.exp($bm_mul(decay, t))));\n} else {\n    $bm_rt = value;\n}"},"a":{"a":0,"k":[34.15,34.049,0],"ix":1},"s":{"a":1,"k":[{"i":{"x":[0.833,0.833,0.833],"y":[0.833,0.833,0.833]},"o":{"x":[0.167,0.167,0.167],"y":[0.167,0.167,0.167]},"t":104,"s":[120,80,100]},{"t":108,"s":[100,100,100]}],"ix":6,"x":"var $bm_rt;\nvar amp, freq, decay, n, n, t, t, v;\namp = 7;\nfreq = 2;\ndecay = 4;\n$bm_rt = n = 0;\nif (numKeys > 0) {\n    $bm_rt = n = nearestKey(time).index;\n    if (key(n).time > time) {\n        n--;\n    }\n}\nif (n == 0) {\n    $bm_rt = t = 0;\n} else {\n    $bm_rt = t = $bm_sub(time, key(n).time);\n}\nif (n > 0 && t < 1) {\n    v = velocityAtTime($bm_sub(key(n).time, $bm_div(thisComp.frameDuration, 10)));\n    $bm_rt = $bm_sum(value, $bm_div($bm_mul($bm_mul(v, $bm_div(amp, 100)), Math.sin($bm_mul($bm_mul($bm_mul(freq, t), 2), Math.PI))), Math.exp($bm_mul(decay, t))));\n} else {\n    $bm_rt = value;\n}"}},"ao":0,"shapes":[{"ty":"gr","it":[{"ind":0,"ty":"sh","ix":1,"ks":{"a":0,"k":{"i":[[10.2,0],[0,12.1],[-10.3,0],[0,-12.2]],"o":[[-10.2,0],[0,-12.2],[10.2,0],[0,12.1]],"v":[[0,20.4],[-19.1,-0.1],[0,-20.6],[19.1,-0.1]],"c":true},"ix":2},"nm":"Path 1","mn":"ADBE Vector Shape - Group","hd":false},{"ind":1,"ty":"sh","ix":2,"ks":{"a":0,"k":{"i":[[18.7,0],[0,-19.6],[-18.7,0],[0,19.5]],"o":[[-18.7,0],[0,19.5],[18.7,0],[0,-19.6]],"v":[[0,-33.799],[-33.9,0],[0,33.799],[33.9,0]],"c":true},"ix":2},"nm":"Path 2","mn":"ADBE Vector Shape - Group","hd":false},{"ty":"mm","mm":1,"nm":"Merge Paths 1","mn":"ADBE Vector Filter - Merge","hd":false},{"ty":"fl","c":{"a":0,"k":[0.917999985639,0.263000009574,0.20800000359,1],"ix":4},"o":{"a":0,"k":100,"ix":5},"r":1,"bm":0,"nm":"Fill 1","mn":"ADBE Vector Graphic - Fill","hd":false},{"ty":"tr","p":{"a":0,"k":[34.15,34.05],"ix":2},"a":{"a":0,"k":[0,0],"ix":1},"s":{"a":0,"k":[100,100],"ix":3},"r":{"a":0,"k":0,"ix":6},"o":{"a":0,"k":100,"ix":7},"sk":{"a":0,"k":0,"ix":4},"sa":{"a":0,"k":0,"ix":5},"nm":"Transform"}],"nm":"Group 1","np":4,"cix":2,"bm":0,"ix":1,"mn":"ADBE Vector Group","hd":false}],"ip":107,"op":302,"st":-31,"bm":0},{"ddd":0,"ind":21,"ty":4,"nm":"G Outlines 7","sr":1,"ks":{"o":{"a":0,"k":100,"ix":11},"r":{"a":1,"k":[{"i":{"x":[0.833],"y":[0.833]},"o":{"x":[0.167],"y":[0.167]},"t":67,"s":[10]},{"t":73,"s":[0]}],"ix":10,"x":"var $bm_rt;\nvar amp, freq, decay, n, n, t, t, v;\namp = 3;\nfreq = 2;\ndecay = 4;\n$bm_rt = n = 0;\nif (numKeys > 0) {\n    $bm_rt = n = nearestKey(time).index;\n    if (key(n).time > time) {\n        n--;\n    }\n}\nif (n == 0) {\n    $bm_rt = t = 0;\n} else {\n    $bm_rt = t = $bm_sub(time, key(n).time);\n}\nif (n > 0 && t < 1) {\n    v = velocityAtTime($bm_sub(key(n).time, $bm_div(thisComp.frameDuration, 10)));\n    $bm_rt = $bm_sum(value, $bm_div($bm_mul($bm_mul(v, $bm_div(amp, 100)), Math.sin($bm_mul($bm_mul($bm_mul(freq, t), 2), Math.PI))), Math.exp($bm_mul(decay, t))));\n} else {\n    $bm_rt = value;\n}"},"p":{"a":0,"k":[444.575,487.1,0],"ix":2},"a":{"a":0,"k":[51.45,105.25,0],"ix":1},"s":{"a":1,"k":[{"i":{"x":[0.833,0.833,0.833],"y":[0.833,0.833,0.833]},"o":{"x":[0.167,0.167,0.167],"y":[0.167,0.167,0.167]},"t":63,"s":[125,75,100]},{"t":65,"s":[100,100,100]}],"ix":6,"x":"var $bm_rt;\nvar amp, freq, decay, n, n, t, t, v;\namp = 5;\nfreq = 2;\ndecay = 4;\n$bm_rt = n = 0;\nif (numKeys > 0) {\n    $bm_rt = n = nearestKey(time).index;\n    if (key(n).time > time) {\n        n--;\n    }\n}\nif (n == 0) {\n    $bm_rt = t = 0;\n} else {\n    $bm_rt = t = $bm_sub(time, key(n).time);\n}\nif (n > 0 && t < 1) {\n    v = velocityAtTime($bm_sub(key(n).time, $bm_div(thisComp.frameDuration, 10)));\n    $bm_rt = $bm_sum(value, $bm_div($bm_mul($bm_mul(v, $bm_div(amp, 100)), Math.sin($bm_mul($bm_mul($bm_mul(freq, t), 2), Math.PI))), Math.exp($bm_mul(decay, t))));\n} else {\n    $bm_rt = value;\n}"}},"ao":0,"shapes":[{"ty":"gr","it":[{"ind":0,"ty":"sh","ix":1,"ks":{"a":1,"k":[{"i":{"x":0.833,"y":0.833},"o":{"x":0.167,"y":0.167},"t":63,"s":[{"i":[[0,0.883],[-29,0],[-8.6,-8.2],[0,0],[11.4,0],[0,-21.1],[-0.058,-0.875],[-20.21,0],[-5,5],[-1.165,7.071],[-0.078,0.627],[7.738,-16.144],[-0.21,-0.186],[0,0],[0,-3.4],[0.228,-2.156],[7.721,-7.64],[15.6,0],[1.422,27.681]],"o":[[0,-28.9],[16,0],[0,0],[-6.1,-5.8],[-21.1,0],[0,0.89],[1.313,19.857],[13.7,0],[3.779,-3.779],[0.099,-0.601],[0,0],[-0.373,0.286],[14.025,-29.755],[0.5,2.6],[0,2.022],[-0.988,9.356],[-9.2,9.6],[-28.211,-0.097],[-0.045,-0.872]],"v":[[-51.2,0],[2.1,-52.5],[38.1,-38],[28,-27.9],[2.1,-38.1],[-35.5,0],[-35.413,2.647],[2.1,38.1],[28.6,27.6],[36.134,11.442],[36.4,9.6],[9.965,34.028],[3.256,25.423],[50.4,-4.7],[51.2,4.3],[50.871,10.588],[38.8,37.8],[2.2,52.5],[-51.132,2.634]],"c":true}]},{"t":69,"s":[{"i":[[0,0.883],[-29,0],[-8.6,-8.2],[0,0],[11.4,0],[0,-21.1],[-0.058,-0.875],[-20.21,0],[-5,5],[-1.165,7.071],[-0.078,0.627],[0,0],[0,0],[0,0],[0,-3.4],[0.228,-2.156],[7.721,-7.64],[15.6,0],[1.422,27.681]],"o":[[0,-28.9],[16,0],[0,0],[-6.1,-5.8],[-21.1,0],[0,0.89],[1.313,19.857],[13.7,0],[3.779,-3.779],[0.099,-0.601],[0,0],[0,0],[0,0],[0.5,2.6],[0,2.022],[-0.988,9.356],[-9.2,9.6],[-28.211,-0.097],[-0.045,-0.872]],"v":[[-51.2,0],[2.1,-52.5],[38.1,-38],[28,-27.9],[2.1,-38.1],[-35.5,0],[-35.413,2.647],[2.1,38.1],[28.6,27.6],[36.134,11.442],[36.4,9.6],[2.1,9.6],[2.1,-4.7],[50.4,-4.7],[51.2,4.3],[50.871,10.588],[38.8,37.8],[2.2,52.5],[-51.132,2.634]],"c":true}]}],"ix":2,"x":"var $bm_rt;\nvar n, n, p0, p1, p, pCur, t, freq, decay, amplitude, m, i, v;\n$bm_rt = n = 0;\nif (numKeys > 0) {\n    $bm_rt = n = nearestKey(time).index;\n    if (key(n).time > time)\n        n--;\n}\nif (n > 0) {\n    p0 = thisProperty.points($bm_sub(key(n).time, $bm_div(thisComp.frameDuration, 10)));\n    p1 = thisProperty.points(key(n).time);\n    p = [];\n    pCur = thisProperty.points();\n    t = $bm_sub(time, key(n).time);\n    freq = 4;\n    decay = 5;\n    amplitude = 1;\n    m = $bm_div($bm_mul(amplitude, Math.sin($bm_mul($bm_mul($bm_mul(freq, t), 2), Math.PI))), Math.exp($bm_mul(decay, t)));\n    for (i = 0; i < p0.length; i++) {\n        v = $bm_mul($bm_mul($bm_sub(p1[i], p0[i]), 10), m);\n        p.push($bm_sum(pCur[i], v));\n    }\n    $bm_rt = createPath(p, thisProperty.inTangents(), thisProperty.outTangents(), thisProperty.isClosed());\n} else\n    $bm_rt = value;"},"nm":"Path 1","mn":"ADBE Vector Shape - Group","hd":false},{"ty":"fl","c":{"a":0,"k":[0.258999992819,0.522000002394,0.957000014361,1],"ix":4},"o":{"a":0,"k":100,"ix":5},"r":1,"bm":0,"nm":"Fill 1","mn":"ADBE Vector Graphic - Fill","hd":false},{"ty":"tr","p":{"a":0,"k":[51.45,52.75],"ix":2},"a":{"a":0,"k":[0,0],"ix":1},"s":{"a":0,"k":[100,100],"ix":3},"r":{"a":0,"k":0,"ix":6},"o":{"a":0,"k":100,"ix":7},"sk":{"a":0,"k":0,"ix":4},"sa":{"a":0,"k":0,"ix":5},"nm":"Transform"}],"nm":"Group 1","np":2,"cix":2,"bm":0,"ix":1,"mn":"ADBE Vector Group","hd":false}],"ip":63,"op":302,"st":63,"bm":0},{"ddd":0,"ind":22,"ty":4,"nm":"G Outlines 3","sr":1,"ks":{"o":{"a":0,"k":100,"ix":11},"r":{"a":0,"k":0,"ix":10},"p":{"a":0,"k":[444.575,434.6,0],"ix":2},"a":{"a":0,"k":[51.45,52.75,0],"ix":1},"s":{"a":0,"k":[100,100,100],"ix":6}},"ao":0,"shapes":[{"ty":"gr","it":[{"ind":0,"ty":"sh","ix":1,"ks":{"a":1,"k":[{"i":{"x":0.833,"y":0.833},"o":{"x":0.167,"y":0.167},"t":57,"s":[{"i":[[0,0.672],[-29,0],[-8.6,-6.236],[0,0],[11.4,0],[0,-16.046],[-0.058,-0.665],[-20.21,0],[-5,3.802],[-1.165,5.378],[-0.078,0.477],[0,0],[0,0],[0,0],[0.209,-3.04],[0.228,-1.639],[8.875,-3.671],[15.6,0],[1.422,21.051]],"o":[[0,-21.978],[16,0],[0,0],[-6.1,-4.411],[-21.1,0],[0,0.677],[1.313,15.1],[13.7,0],[3.779,-2.874],[0.099,-0.457],[0,0],[0,0],[0,0],[3.025,1.774],[-0.15,2.18],[-0.988,7.115],[-9.2,7.301],[-28.211,-0.074],[-0.045,-0.664]],"v":[[-51.2,12.575],[2.1,-27.35],[38.1,-16.323],[28,-8.642],[2.1,-16.399],[-35.5,12.575],[-35.413,14.588],[2.1,41.549],[28.6,33.564],[36.134,21.277],[36.4,19.876],[2.1,19.876],[2.1,9.001],[50.4,9.001],[53.95,15.97],[53.246,21.127],[38.8,41.321],[2.2,52.5],[-51.132,14.578]],"c":true}]},{"i":{"x":0.833,"y":0.833},"o":{"x":0.167,"y":0.167},"t":58.6,"s":[{"i":[[0,0.632],[-29,0],[-8.6,-5.865],[0,0],[11.4,0],[0,-15.092],[0.04,-0.627],[-39.175,-0.551],[-5,3.576],[-1.165,5.058],[-0.078,0.448],[0,0],[0,0],[0,0],[0.209,-2.859],[0.228,-1.542],[8.875,-3.453],[15.6,0],[1.422,19.798]],"o":[[0,-20.67],[16,0],[0,0],[-6.1,-4.148],[-21.1,0],[0,0.637],[-0.912,14.306],[13.699,0.193],[3.779,-2.703],[0.099,-0.43],[0,0],[0,0],[0,0],[3.025,1.669],[-0.15,2.05],[-0.988,6.692],[-9.2,6.866],[-50.025,1.15],[-0.045,-0.624]],"v":[[-55.7,18.7],[0.35,-15.6],[38.1,-12.229],[28,-5.005],[0.6,-6.301],[-42.25,19.7],[-42.163,21.593],[2.1,42.201],[28.6,34.691],[36.134,23.134],[36.4,21.816],[3.1,21.816],[1.35,14.338],[50.4,14.588],[53.95,18.143],[53.246,22.993],[38.8,41.986],[2.2,52.5],[-55.632,20.584]],"c":true}]},{"i":{"x":0.833,"y":0.833},"o":{"x":0.167,"y":0.167},"t":60.201,"s":[{"i":[[0,0.632],[-29,0],[-7.384,-7.125],[0,0],[11.4,0],[0,-15.092],[0.04,-0.627],[-9.925,-0.551],[-5,3.576],[-1.165,5.058],[-0.078,0.448],[5.552,-5.288],[0.062,0.09],[0,0],[0.209,-2.859],[0.228,-1.542],[8.875,-3.453],[15.6,0],[1.422,19.798]],"o":[[0,-20.67],[16,0],[0,0],[-5.24,-5.043],[-21.1,0],[0,0.637],[-0.912,14.306],[13.679,0.759],[3.779,-2.703],[0.099,-0.43],[0,0],[-0.448,0.087],[7.624,-6.285],[3.025,1.669],[-0.15,2.05],[-0.988,6.692],[-9.2,6.866],[-35.025,0.65],[-0.045,-0.624]],"v":[[-52.95,18.45],[0.35,-15.6],[37.358,-4.492],[26.346,0.853],[0.6,-6.301],[-38.75,19.575],[-38.663,21.468],[1.35,45.451],[30.975,38.191],[40.384,25.634],[40.65,24.316],[3.523,26.897],[1.076,19.654],[54.65,17.088],[58.2,20.643],[57.496,25.493],[41.175,45.486],[1.45,55.75],[-52.882,20.334]],"c":true}]},{"t":61,"s":[{"i":[[0,0.632],[-29,0],[-6.168,-8.385],[0,0],[11.4,0],[0,-15.092],[0.04,-0.627],[-18.425,-2.801],[-5,3.576],[-1.165,5.058],[-0.078,0.448],[3.371,-14.96],[0.202,0.081],[0,0],[0.209,-2.859],[0.228,-1.542],[8.875,-3.453],[15.6,0],[1.422,19.798]],"o":[[0,-20.67],[16,0],[0,0],[-4.379,-5.937],[-21.1,0],[0,0.637],[-0.912,14.306],[13.544,2.059],[3.779,-2.703],[0.099,-0.43],[0,0],[-0.65,0.641],[5.714,-18.918],[3.025,1.669],[-0.15,2.05],[-0.988,6.692],[-9.2,6.866],[-41.025,-2.85],[-0.045,-0.624]],"v":[[-50.2,18.2],[0.35,-15.6],[36.617,3.246],[24.693,6.711],[0.6,-6.301],[-35.25,19.45],[-35.163,21.343],[0.6,45.451],[30.85,41.441],[44.634,28.134],[44.9,26.816],[14.831,37.332],[8.328,33.247],[58.9,19.588],[62.45,23.143],[61.746,27.993],[43.55,48.986],[0.95,58.75],[-50.132,20.084]],"c":true}]}],"ix":2},"nm":"Path 1","mn":"ADBE Vector Shape - Group","hd":false},{"ty":"fl","c":{"a":0,"k":[0.258999992819,0.522000002394,0.957000014361,1],"ix":4},"o":{"a":0,"k":100,"ix":5},"r":1,"bm":0,"nm":"Fill 1","mn":"ADBE Vector Graphic - Fill","hd":false},{"ty":"tr","p":{"a":0,"k":[51.45,52.75],"ix":2},"a":{"a":0,"k":[0,0],"ix":1},"s":{"a":0,"k":[100,100],"ix":3},"r":{"a":0,"k":0,"ix":6},"o":{"a":0,"k":100,"ix":7},"sk":{"a":0,"k":0,"ix":4},"sa":{"a":0,"k":0,"ix":5},"nm":"Transform"}],"nm":"Group 1","np":2,"cix":2,"bm":0,"ix":1,"mn":"ADBE Vector Group","hd":false}],"ip":57,"op":63,"st":-3,"bm":0},{"ddd":0,"ind":23,"ty":4,"nm":"G Outlines","sr":1,"ks":{"o":{"a":0,"k":100,"ix":11},"r":{"a":0,"k":0,"ix":10},"p":{"a":1,"k":[{"i":{"x":0.581,"y":0},"o":{"x":0.173,"y":0},"t":11,"s":[444.575,434.6,0],"to":[0,0,0],"ti":[0,0,0]},{"i":{"x":0.666,"y":0.976},"o":{"x":0.328,"y":0.038},"t":28.6,"s":[444.575,432.1,0],"to":[0,0,0],"ti":[0,0,0]},{"i":{"x":0.892,"y":1},"o":{"x":0.457,"y":0.129},"t":31.535,"s":[444.575,423.402,0],"to":[0,0,0],"ti":[0,0,0]},{"t":46.201171875,"s":[444.575,434.6,0]}],"ix":2},"a":{"a":0,"k":[51.45,52.75,0],"ix":1},"s":{"a":0,"k":[100,100,100],"ix":6}},"ao":0,"shapes":[{"ty":"gr","it":[{"ind":0,"ty":"sh","ix":1,"ks":{"a":1,"k":[{"i":{"x":0.025,"y":1},"o":{"x":0.333,"y":0},"t":11,"s":[{"i":[[0,0.883],[-29,0],[-8.6,-8.2],[0,0],[11.4,0],[0,-21.1],[-0.058,-0.875],[-20.21,0],[-5,5],[-1.165,7.071],[-0.078,0.627],[0,0],[0,0],[0,0],[0,-3.4],[0.228,-2.156],[7.721,-7.64],[15.6,0],[1.422,27.681]],"o":[[0,-28.9],[16,0],[0,0],[-6.1,-5.8],[-21.1,0],[0,0.89],[1.313,19.857],[13.7,0],[3.779,-3.779],[0.099,-0.601],[0,0],[0,0],[0,0],[0.5,2.6],[0,2.022],[-0.988,9.356],[-9.2,9.6],[-28.211,-0.097],[-0.045,-0.872]],"v":[[-51.975,360.75],[1.325,308.25],[37.325,322.75],[27.225,332.85],[1.325,322.65],[-36.275,360.75],[-36.188,363.397],[1.325,398.85],[27.825,388.35],[35.358,372.192],[35.625,370.35],[1.325,370.35],[1.325,356.05],[49.625,356.05],[50.425,365.05],[50.095,371.338],[38.025,398.55],[1.425,413.25],[-51.908,363.384]],"c":true}]},{"i":{"x":0,"y":1},"o":{"x":0.333,"y":0},"t":15,"s":[{"i":[[0,0.883],[-29,0],[-8.6,-8.2],[0,0],[11.4,0],[0,-21.1],[-0.058,-0.875],[-20.21,0],[-5,5],[-1.166,7.071],[-0.078,0.627],[0,0],[0,0],[0,0],[0,-3.4],[0.228,-2.156],[7.721,-7.64],[15.6,0],[1.422,27.681]],"o":[[0,-28.9],[16,0],[0,0],[-6.1,-5.8],[-21.1,0],[0,0.89],[1.313,19.857],[13.7,0],[3.779,-3.779],[0.099,-0.601],[0,0],[0,0],[0,0],[0.5,2.6],[0,2.022],[-0.988,9.356],[-9.2,9.6],[-28.211,-0.097],[-0.045,-0.872]],"v":[[-50.626,-325.25],[2.674,-377.75],[38.674,-363.25],[28.574,-353.15],[2.674,-363.35],[-34.926,-325.25],[-34.839,81.397],[2.674,116.85],[29.174,106.35],[36.707,90.192],[36.973,88.35],[2.674,88.35],[2.674,74.05],[50.973,74.05],[51.774,83.05],[51.444,89.338],[39.374,116.55],[2.774,131.25],[-50.559,81.384]],"c":true}]},{"i":{"x":0.667,"y":1},"o":{"x":0.333,"y":0},"t":28.6,"s":[{"i":[[0,0.883],[-29,0],[-8.6,-8.2],[0,0],[11.4,0],[0,-21.1],[-0.058,-0.875],[-20.21,0],[-5,5],[-1.165,7.071],[-0.078,0.627],[0,0],[0,0],[0,0],[0,-3.4],[0.228,-2.156],[7.721,-7.64],[15.6,0],[1.422,27.681]],"o":[[0,-28.9],[16,0],[0,0],[-6.1,-5.8],[-21.1,0],[0,0.89],[1.313,19.857],[13.7,0],[3.779,-3.779],[0.099,-0.601],[0,0],[0,0],[0,0],[0.5,2.6],[0,2.022],[-0.988,9.356],[-9.2,9.6],[-28.211,-0.097],[-0.045,-0.872]],"v":[[-51.626,-331.438],[1.674,-383.938],[37.674,-369.438],[27.574,-359.337],[1.674,-369.537],[-35.926,-331.438],[-35.839,-328.79],[1.674,-293.337],[28.174,-303.837],[35.707,-319.995],[35.973,-321.837],[1.674,-321.837],[1.674,-336.137],[49.973,-336.137],[50.774,-327.137],[50.444,-320.849],[38.374,-293.637],[1.774,-278.938],[-51.559,-328.804]],"c":true}]},{"i":{"x":0.833,"y":0.773},"o":{"x":1,"y":0},"t":35.934,"s":[{"i":[[0,0.883],[-29,0],[-8.6,-8.2],[0,0],[11.4,0],[0,-21.1],[-0.058,-0.875],[-20.21,0],[-5,5],[-1.165,7.071],[-0.078,0.627],[0,0],[0,0],[0,0],[0,-3.4],[0.228,-2.156],[7.721,-7.64],[15.6,0],[1.422,27.681]],"o":[[0,-28.9],[16,0],[0,0],[-6.1,-5.8],[-21.1,0],[0,0.89],[1.313,19.857],[13.7,0],[3.779,-3.779],[0.099,-0.601],[0,0],[0,0],[0,0],[0.5,2.6],[0,2.022],[-0.988,9.356],[-9.2,9.6],[-28.211,-0.097],[-0.045,-0.872]],"v":[[-51.626,-331.438],[1.674,-383.938],[37.674,-369.438],[27.574,-359.337],[1.674,-369.537],[-35.926,-331.438],[-35.839,-328.79],[1.674,-293.337],[28.174,-303.837],[35.707,-319.995],[35.973,-321.837],[1.674,-321.837],[1.674,-336.137],[49.973,-336.137],[50.774,-327.137],[50.444,-320.849],[38.374,-293.637],[1.774,-278.938],[-51.559,-328.804]],"c":true}]},{"i":{"x":0.833,"y":0.773},"o":{"x":0.167,"y":0.227},"t":44.732,"s":[{"i":[[0,0.883],[-28.994,-0.145],[-10.335,4.65],[0,0],[11.612,-0.04],[0,-21.1],[-0.058,-0.875],[-20.21,0],[-5,5],[-1.142,7.217],[-0.066,0.526],[19.66,9.281],[-0.172,-0.025],[0,0],[0,-3.4],[0.271,-2.351],[7.567,-7.487],[15.6,0],[1.422,27.681]],"o":[[0,-28.9],[15.911,0.073],[0,0],[-7.266,3.315],[-21.099,0.056],[0,0.89],[1.313,19.857],[13.7,0],[3.83,-3.83],[0.08,-0.508],[0,0],[-0.09,0.406],[15.578,11.1],[0.5,2.6],[0,2.198],[-1.062,9.201],[-9.2,9.6],[-28.211,-0.097],[-0.045,-0.873]],"v":[[-50.64,-322.077],[2.66,-374.577],[37.82,-377.79],[43.086,-365.142],[2.66,-360.177],[-34.94,-322.077],[-35.413,2.647],[2.1,38.1],[28.6,27.6],[36.181,11.151],[36.273,-71.15],[-4.535,-79.756],[1.046,-91.7],[51.023,-85.45],[51.074,-76.45],[50.808,11.151],[38.8,37.8],[2.2,52.5],[-51.132,2.634]],"c":true}]},{"i":{"x":0.667,"y":1},"o":{"x":0.167,"y":0.227},"t":52.066,"s":[{"i":[[0,0.883],[-28.896,-2.451],[-9.149,8.343],[0,0],[14.985,-0.671],[0,-21.1],[-0.058,-0.875],[-20.21,0],[-5,5],[-1.166,7.071],[-0.078,0.627],[0,0],[0,0],[0,0],[0,-3.4],[0.228,-2.156],[7.721,-7.64],[15.6,0],[1.422,27.681]],"o":[[0,-28.9],[14.485,1.229],[0,0],[-6.173,6.741],[-21.079,0.944],[0,0.89],[1.313,19.857],[13.7,0],[3.779,-3.779],[0.099,-0.601],[0,0],[0,0],[0,0],[0.5,2.6],[0,2.022],[-0.988,9.356],[-9.2,9.6],[-28.211,-0.097],[-0.045,-0.872]],"v":[[-50.86,-195.829],[2.44,-248.329],[29.395,-263.332],[37.569,-251.618],[2.44,-233.929],[-35.16,-195.829],[-35.413,2.647],[2.1,38.1],[28.6,27.6],[36.134,11.442],[36.4,9.6],[2.1,9.6],[2.1,-4.7],[50.4,-4.7],[51.2,4.3],[50.871,10.588],[38.8,37.8],[2.2,52.5],[-51.132,2.634]],"c":true}]},{"t":55,"s":[{"i":[[0,0.883],[-29,0],[-8.6,-8.2],[0,0],[11.4,0],[0,-21.1],[-0.058,-0.875],[-20.21,0],[-5,5],[-1.165,7.071],[-0.078,0.627],[0,0],[0,0],[0,0],[0,-3.4],[0.228,-2.156],[7.721,-7.64],[15.6,0],[1.422,27.681]],"o":[[0,-28.9],[16,0],[0,0],[-6.1,-5.8],[-21.1,0],[0,0.89],[1.313,19.857],[13.7,0],[3.779,-3.779],[0.099,-0.601],[0,0],[0,0],[0,0],[0.5,2.6],[0,2.022],[-0.988,9.356],[-9.2,9.6],[-28.211,-0.097],[-0.045,-0.872]],"v":[[-51.2,0],[2.1,-52.5],[38.1,-38],[28,-27.9],[2.1,-38.1],[-35.5,0],[-35.413,2.647],[2.1,38.1],[28.6,27.6],[36.134,11.442],[36.4,9.6],[2.1,9.6],[2.1,-4.7],[50.4,-4.7],[51.2,4.3],[50.871,10.588],[38.8,37.8],[2.2,52.5],[-51.132,2.634]],"c":true}]}],"ix":2},"nm":"Path 1","mn":"ADBE Vector Shape - Group","hd":false},{"ty":"fl","c":{"a":0,"k":[0.258999992819,0.522000002394,0.957000014361,1],"ix":4},"o":{"a":0,"k":100,"ix":5},"r":1,"bm":0,"nm":"Fill 1","mn":"ADBE Vector Graphic - Fill","hd":false},{"ty":"tr","p":{"a":0,"k":[51.45,52.75],"ix":2},"a":{"a":0,"k":[0,0],"ix":1},"s":{"a":0,"k":[100,100],"ix":3},"r":{"a":0,"k":0,"ix":6},"o":{"a":0,"k":100,"ix":7},"sk":{"a":0,"k":0,"ix":4},"sa":{"a":0,"k":0,"ix":5},"nm":"Transform"}],"nm":"Group 1","np":2,"cix":2,"bm":0,"ix":1,"mn":"ADBE Vector Group","hd":false}],"ip":11,"op":57,"st":-5,"bm":0},{"ddd":0,"ind":24,"ty":4,"nm":"G Outlines 6","sr":1,"ks":{"o":{"a":0,"k":100,"ix":11},"r":{"a":0,"k":0,"ix":10},"p":{"a":0,"k":[444.575,795.5,0],"ix":2},"a":{"a":0,"k":[51.45,52.75,0],"ix":1},"s":{"a":0,"k":[100,100,100],"ix":6}},"ao":0,"shapes":[{"ty":"gr","it":[{"ind":0,"ty":"sh","ix":1,"ks":{"a":1,"k":[{"i":{"x":0.833,"y":0.833},"o":{"x":0.167,"y":0.167},"t":8,"s":[{"i":[[0,0.425],[-14.244,0],[-4.224,-3.944],[0,0],[5.599,0],[0,-10.148],[-0.028,-0.421],[-9.927,0],[-2.456,2.405],[-0.572,3.401],[-0.038,0.302],[0,0],[0,0],[0,0],[0,-1.635],[0.112,-1.037],[3.792,-3.674],[7.662,0],[0.698,13.313]],"o":[[0,-13.9],[7.859,0],[0,0],[-2.996,-2.79],[-10.364,0],[0,0.428],[0.645,9.55],[6.729,0],[1.856,-1.817],[0.049,-0.289],[0,0],[0,0],[0,0],[0.246,1.25],[0,0.973],[-0.485,4.5],[-4.519,4.617],[-13.857,-0.047],[-0.022,-0.42]],"v":[[-25.575,27.25],[0.605,2],[18.287,8.974],[13.327,13.831],[0.605,8.926],[-17.863,27.25],[-17.82,28.523],[0.605,45.574],[13.621,40.524],[17.322,32.753],[17.452,31.867],[0.605,31.867],[0.605,24.99],[24.329,24.99],[24.722,29.318],[24.56,32.342],[18.631,45.43],[0.654,52.5],[-25.542,28.517]],"c":true}]},{"t":12,"s":[{"i":[[0,0.883],[-29,0],[-8.6,-8.2],[0,0],[11.4,0],[0,-21.1],[-0.058,-0.875],[-20.21,0],[-5,5],[-1.165,7.071],[-0.078,0.627],[0,0],[0,0],[0,0],[0,-3.4],[0.228,-2.156],[7.721,-7.64],[15.6,0],[1.422,27.681]],"o":[[0,-28.9],[16,0],[0,0],[-6.1,-5.8],[-21.1,0],[0,0.89],[1.313,19.857],[13.7,0],[3.779,-3.779],[0.099,-0.601],[0,0],[0,0],[0,0],[0.5,2.6],[0,2.022],[-0.988,9.356],[-9.2,9.6],[-28.211,-0.097],[-0.045,-0.872]],"v":[[-51.626,0],[1.674,-52.5],[37.674,-38],[27.574,-27.9],[1.674,-38.1],[-35.926,0],[-35.839,2.647],[1.674,38.1],[28.174,27.6],[35.707,11.442],[35.973,9.6],[1.674,9.6],[1.674,-4.7],[49.973,-4.7],[50.774,4.3],[50.444,10.588],[38.374,37.8],[1.774,52.5],[-51.559,2.634]],"c":true}]}],"ix":2},"nm":"Path 1","mn":"ADBE Vector Shape - Group","hd":false},{"ty":"fl","c":{"a":0,"k":[0.258999992819,0.522000002394,0.957000014361,1],"ix":4},"o":{"a":0,"k":100,"ix":5},"r":1,"bm":0,"nm":"Fill 1","mn":"ADBE Vector Graphic - Fill","hd":false},{"ty":"tr","p":{"a":0,"k":[51.45,52.75],"ix":2},"a":{"a":0,"k":[0,0],"ix":1},"s":{"a":0,"k":[100,100],"ix":3},"r":{"a":0,"k":0,"ix":6},"o":{"a":0,"k":100,"ix":7},"sk":{"a":0,"k":0,"ix":4},"sa":{"a":0,"k":0,"ix":5},"nm":"Transform"}],"nm":"Group 1","np":2,"cix":2,"bm":0,"ix":1,"mn":"ADBE Vector Group","hd":false},{"ty":"st","c":{"a":0,"k":[0.258823529412,0.521568627451,0.956862804936,1],"ix":3},"o":{"a":0,"k":100,"ix":4},"w":{"a":1,"k":[{"i":{"x":[0.833],"y":[0.833]},"o":{"x":[0.167],"y":[0.167]},"t":8,"s":[6]},{"t":12,"s":[1]}],"ix":5},"lc":1,"lj":1,"ml":4,"bm":0,"nm":"Stroke 1","mn":"ADBE Vector Graphic - Stroke","hd":false}],"ip":8,"op":11,"st":-52,"bm":0},{"ddd":0,"ind":25,"ty":4,"nm":"line","sr":1,"ks":{"o":{"a":0,"k":100,"ix":11},"r":{"a":0,"k":0,"ix":10},"p":{"a":0,"k":[600,450,0],"ix":2},"a":{"a":0,"k":[0,0,0],"ix":1},"s":{"a":0,"k":[100,100,100],"ix":6}},"ao":0,"shapes":[{"ty":"gr","it":[{"ind":0,"ty":"sh","ix":1,"ks":{"a":1,"k":[{"i":{"x":0.833,"y":0.833},"o":{"x":0.167,"y":0.167},"t":4,"s":[{"i":[[0,0],[0,0]],"o":[[0,0],[0,0]],"v":[[-156,396.5],[-152.5,396.5]],"c":false}]},{"t":8,"s":[{"i":[[0,0],[0,0]],"o":[[0,0],[0,0]],"v":[[-178.5,396.5],[-130,396.5]],"c":false}]}],"ix":2},"nm":"Path 1","mn":"ADBE Vector Shape - Group","hd":false},{"ty":"st","c":{"a":0,"k":[0.258823529412,0.521568627451,0.956862804936,1],"ix":3},"o":{"a":0,"k":100,"ix":4},"w":{"a":0,"k":10,"ix":5},"lc":2,"lj":1,"ml":4,"bm":0,"nm":"Stroke 1","mn":"ADBE Vector Graphic - Stroke","hd":false},{"ty":"tr","p":{"a":0,"k":[0,0],"ix":2},"a":{"a":0,"k":[0,0],"ix":1},"s":{"a":0,"k":[100,100],"ix":3},"r":{"a":0,"k":0,"ix":6},"o":{"a":0,"k":100,"ix":7},"sk":{"a":0,"k":0,"ix":4},"sa":{"a":0,"k":0,"ix":5},"nm":"Transform"}],"nm":"Shape 1","np":3,"cix":2,"bm":0,"ix":1,"mn":"ADBE Vector Group","hd":false}],"ip":4,"op":8,"st":4,"bm":0}],"markers":[]}